<?xml version="1.0" encoding="UTF-8"?>
<!DOCTYPE mapper PUBLIC "-//mybatis.org//DTD Mapper 3.0//EN" "http://mybatis.org/dtd/mybatis-3-mapper.dtd">
<mapper namespace="cn.yujian95.telecomweb.mapper.CompanyMapper">
  <resultMap id="BaseResultMap" type="cn.yujian95.telecomweb.pojo.Company">
    <id column="id" jdbcType="INTEGER" property="id" />
    <result column="address" jdbcType="VARCHAR" property="address" />
    <result column="createDate" jdbcType="DATE" property="createDate" />
    <result column="updateDate" jdbcType="DATE" property="updateDate" />
    <result column="name" jdbcType="VARCHAR" property="name" />
    <result column="phone" jdbcType="INTEGER" property="phone" />
  </resultMap>
  <sql id="Example_Where_Clause">
    <where>
      <foreach collection="oredCriteria" item="criteria" separator="or">
        <if test="criteria.valid">
          <trim prefix="(" prefixOverrides="and" suffix=")">
            <foreach collection="criteria.criteria" item="criterion">
              <choose>
                <when test="criterion.noValue">
                  and ${criterion.condition}
                </when>
                <when test="criterion.singleValue">
                  and ${criterion.condition} #{criterion.value}
                </when>
                <when test="criterion.betweenValue">
                  and ${criterion.condition} #{criterion.value} and #{criterion.secondValue}
                </when>
                <when test="criterion.listValue">
                  and ${criterion.condition}
                  <foreach close=")" collection="criterion.value" item="listItem" open="(" separator=",">
                    #{listItem}
                  </foreach>
                </when>
              </choose>
            </foreach>
          </trim>
        </if>
      </foreach>
    </where>
  </sql>
  <sql id="Update_By_Example_Where_Clause">
    <where>
      <foreach collection="example.oredCriteria" item="criteria" separator="or">
        <if test="criteria.valid">
          <trim prefix="(" prefixOverrides="and" suffix=")">
            <foreach collection="criteria.criteria" item="criterion">
              <choose>
                <when test="criterion.noValue">
                  and ${criterion.condition}
                </when>
                <when test="criterion.singleValue">
                  and ${criterion.condition} #{criterion.value}
                </when>
                <when test="criterion.betweenValue">
                  and ${criterion.condition} #{criterion.value} and #{criterion.secondValue}
                </when>
                <when test="criterion.listValue">
                  and ${criterion.condition}
                  <foreach close=")" collection="criterion.value" item="listItem" open="(" separator=",">
                    #{listItem}
                  </foreach>
                </when>
              </choose>
            </foreach>
          </trim>
        </if>
      </foreach>
    </where>
  </sql>
  <sql id="Base_Column_List">
    id, address, createDate, updateDate, name, phone
  </sql>
  <select id="selectByExample" parameterType="cn.yujian95.telecomweb.pojo.CompanyExample" resultMap="BaseResultMap">
    select
    <if test="distinct">
      distinct
    </if>
    'true' as QUERYID,
    <include refid="Base_Column_List" />
    from company
    <if test="_parameter != null">
      <include refid="Example_Where_Clause" />
    </if>
    <if test="orderByClause != null">
      order by ${orderByClause}
    </if>
  </select>
  <select id="selectByPrimaryKey" parameterType="java.lang.Integer" resultMap="BaseResultMap">
    select 
    <include refid="Base_Column_List" />
    from company
    where id = #{id,jdbcType=INTEGER}
  </select>
  <delete id="deleteByPrimaryKey" parameterType="java.lang.Integer">
    delete from company
    where id = #{id,jdbcType=INTEGER}
  </delete>
  <delete id="deleteByExample" parameterType="cn.yujian95.telecomweb.pojo.CompanyExample">
    delete from company
    <if test="_parameter != null">
      <include refid="Example_Where_Clause" />
    </if>
  </delete>
  <insert id="insert" parameterType="cn.yujian95.telecomweb.pojo.Company">
    insert into company (id, address, createDate, 
      updateDate, name, phone
      )
    values (#{id,jdbcType=INTEGER}, #{address,jdbcType=VARCHAR}, #{createDate,jdbcType=DATE}, 
      #{updateDate,jdbcType=DATE}, #{name,jdbcType=VARCHAR}, #{phone,jdbcType=INTEGER}
      )
  </insert>
  <insert id="insertSelective" parameterType="cn.yujian95.telecomweb.pojo.Company">
    insert into company
    <trim prefix="(" suffix=")" suffixOverrides=",">
      <if test="id != null">
        id,
      </if>
      <if test="address != null">
        address,
      </if>
      <if test="createDate != null">
        createDate,
      </if>
      <if test="updateDate != null">
        updateDate,
      </if>
      <if test="name != null">
        name,
      </if>
      <if test="phone != null">
        phone,
      </if>
    </trim>
    <trim prefix="values (" suffix=")" suffixOverrides=",">
      <if test="id != null">
        #{id,jdbcType=INTEGER},
      </if>
      <if test="address != null">
        #{address,jdbcType=VARCHAR},
      </if>
      <if test="createDate != null">
        #{createDate,jdbcType=DATE},
      </if>
      <if test="updateDate != null">
        #{updateDate,jdbcType=DATE},
      </if>
      <if test="name != null">
        #{name,jdbcType=VARCHAR},
      </if>
      <if test="phone != null">
        #{phone,jdbcType=INTEGER},
      </if>
    </trim>
  </insert>
  <select id="countByExample" parameterType="cn.yujian95.telecomweb.pojo.CompanyExample" resultType="java.lang.Long">
    select count(*) from company
    <if test="_parameter != null">
      <include refid="Example_Where_Clause" />
    </if>
  </select>
  <update id="updateByExampleSelective" parameterType="map">
    update company
    <set>
      <if test="record.id != null">
        id = #{record.id,jdbcType=INTEGER},
      </if>
      <if test="record.address != null">
        address = #{record.address,jdbcType=VARCHAR},
      </if>
      <if test="record.createDate != null">
        createDate = #{record.createDate,jdbcType=DATE},
      </if>
      <if test="record.updateDate != null">
        updateDate = #{record.updateDate,jdbcType=DATE},
      </if>
      <if test="record.name != null">
        name = #{record.name,jdbcType=VARCHAR},
      </if>
      <if test="record.phone != null">
        phone = #{record.phone,jdbcType=INTEGER},
      </if>
    </set>
    <if test="_parameter != null">
      <include refid="Update_By_Example_Where_Clause" />
    </if>
  </update>
  <update id="updateByExample" parameterType="map">
    update company
    set id = #{record.id,jdbcType=INTEGER},
      address = #{record.address,jdbcType=VARCHAR},
      createDate = #{record.createDate,jdbcType=DATE},
      updateDate = #{record.updateDate,jdbcType=DATE},
      name = #{record.name,jdbcType=VARCHAR},
      phone = #{record.phone,jdbcType=INTEGER}
    <if test="_parameter != null">
      <include refid="Update_By_Example_Where_Clause" />
    </if>
  </update>
  <update id="updateByPrimaryKeySelective" parameterType="cn.yujian95.telecomweb.pojo.Company">
    update company
    <set>
      <if test="address != null">
        address = #{address,jdbcType=VARCHAR},
      </if>
      <if test="createDate != null">
        createDate = #{createDate,jdbcType=DATE},
      </if>
      <if test="updateDate != null">
        updateDate = #{updateDate,jdbcType=DATE},
      </if>
      <if test="name != null">
        name = #{name,jdbcType=VARCHAR},
      </if>
      <if test="phone != null">
        phone = #{phone,jdbcType=INTEGER},
      </if>
    </set>
    where id = #{id,jdbcType=INTEGER}
  </update>
  <update id="updateByPrimaryKey" parameterType="cn.yujian95.telecomweb.pojo.Company">
    update company
    set address = #{address,jdbcType=VARCHAR},
      createDate = #{createDate,jdbcType=DATE},
      updateDate = #{updateDate,jdbcType=DATE},
      name = #{name,jdbcType=VARCHAR},
      phone = #{phone,jdbcType=INTEGER}
    where id = #{id,jdbcType=INTEGER}
  </update>
</mapper>