<?xml version="1.0" encoding="UTF-8"?>
<!DOCTYPE mapper PUBLIC "-//mybatis.org//DTD Mapper 3.0//EN" "http://mybatis.org/dtd/mybatis-3-mapper.dtd">
<mapper namespace="cn.yujian95.telecomweb.mapper.ProductMapper">
  <resultMap id="BaseResultMap" type="cn.yujian95.telecomweb.pojo.Product">
    <id column="id" jdbcType="INTEGER" property="id" />
    <result column="character_1" jdbcType="VARCHAR" property="character_1" />
    <result column="character_2" jdbcType="VARCHAR" property="character_2" />
    <result column="character_3" jdbcType="VARCHAR" property="character_3" />
    <result column="name" jdbcType="VARCHAR" property="name" />
    <result column="price" jdbcType="INTEGER" property="price" />
    <result column="period" jdbcType="VARCHAR" property="period" />
    <result column="companyId" jdbcType="INTEGER" property="companyId" />
  </resultMap>
  <sql id="Example_Where_Clause">
    <where>
      <foreach collection="oredCriteria" item="criteria" separator="or">
        <if test="criteria.valid">
          <trim prefix="(" prefixOverrides="and" suffix=")">
            <foreach collection="criteria.criteria" item="criterion">
              <choose>
                <when test="criterion.noValue">
                  and ${criterion.condition}
                </when>
                <when test="criterion.singleValue">
                  and ${criterion.condition} #{criterion.value}
                </when>
                <when test="criterion.betweenValue">
                  and ${criterion.condition} #{criterion.value} and #{criterion.secondValue}
                </when>
                <when test="criterion.listValue">
                  and ${criterion.condition}
                  <foreach close=")" collection="criterion.value" item="listItem" open="(" separator=",">
                    #{listItem}
                  </foreach>
                </when>
              </choose>
            </foreach>
          </trim>
        </if>
      </foreach>
    </where>
  </sql>
  <sql id="Update_By_Example_Where_Clause">
    <where>
      <foreach collection="example.oredCriteria" item="criteria" separator="or">
        <if test="criteria.valid">
          <trim prefix="(" prefixOverrides="and" suffix=")">
            <foreach collection="criteria.criteria" item="criterion">
              <choose>
                <when test="criterion.noValue">
                  and ${criterion.condition}
                </when>
                <when test="criterion.singleValue">
                  and ${criterion.condition} #{criterion.value}
                </when>
                <when test="criterion.betweenValue">
                  and ${criterion.condition} #{criterion.value} and #{criterion.secondValue}
                </when>
                <when test="criterion.listValue">
                  and ${criterion.condition}
                  <foreach close=")" collection="criterion.value" item="listItem" open="(" separator=",">
                    #{listItem}
                  </foreach>
                </when>
              </choose>
            </foreach>
          </trim>
        </if>
      </foreach>
    </where>
  </sql>
  <sql id="Base_Column_List">
    id, character_1, character_2, character_3, name, price, period, companyId
  </sql>
  <select id="selectByExample" parameterType="cn.yujian95.telecomweb.pojo.ProductExample" resultMap="BaseResultMap">
    select
    <if test="distinct">
      distinct
    </if>
    'true' as QUERYID,
    <include refid="Base_Column_List" />
    from product
    <if test="_parameter != null">
      <include refid="Example_Where_Clause" />
    </if>
    <if test="orderByClause != null">
      order by ${orderByClause}
    </if>
  </select>
  <select id="selectByPrimaryKey" parameterType="java.lang.Integer" resultMap="BaseResultMap">
    select 
    <include refid="Base_Column_List" />
    from product
    where id = #{id,jdbcType=INTEGER}
  </select>
  <delete id="deleteByPrimaryKey" parameterType="java.lang.Integer">
    delete from product
    where id = #{id,jdbcType=INTEGER}
  </delete>
  <delete id="deleteByExample" parameterType="cn.yujian95.telecomweb.pojo.ProductExample">
    delete from product
    <if test="_parameter != null">
      <include refid="Example_Where_Clause" />
    </if>
  </delete>
  <insert id="insert" parameterType="cn.yujian95.telecomweb.pojo.Product">
    insert into product (id, character_1, character_2, 
      character_3, name, price, 
      period, companyId)
    values (#{id,jdbcType=INTEGER}, #{character_1,jdbcType=VARCHAR}, #{character_2,jdbcType=VARCHAR}, 
      #{character_3,jdbcType=VARCHAR}, #{name,jdbcType=VARCHAR}, #{price,jdbcType=INTEGER}, 
      #{period,jdbcType=VARCHAR}, #{companyId,jdbcType=INTEGER})
  </insert>
  <insert id="insertSelective" parameterType="cn.yujian95.telecomweb.pojo.Product">
    insert into product
    <trim prefix="(" suffix=")" suffixOverrides=",">
      <if test="id != null">
        id,
      </if>
      <if test="character_1 != null">
        character_1,
      </if>
      <if test="character_2 != null">
        character_2,
      </if>
      <if test="character_3 != null">
        character_3,
      </if>
      <if test="name != null">
        name,
      </if>
      <if test="price != null">
        price,
      </if>
      <if test="period != null">
        period,
      </if>
      <if test="companyId != null">
        companyId,
      </if>
    </trim>
    <trim prefix="values (" suffix=")" suffixOverrides=",">
      <if test="id != null">
        #{id,jdbcType=INTEGER},
      </if>
      <if test="character_1 != null">
        #{character_1,jdbcType=VARCHAR},
      </if>
      <if test="character_2 != null">
        #{character_2,jdbcType=VARCHAR},
      </if>
      <if test="character_3 != null">
        #{character_3,jdbcType=VARCHAR},
      </if>
      <if test="name != null">
        #{name,jdbcType=VARCHAR},
      </if>
      <if test="price != null">
        #{price,jdbcType=INTEGER},
      </if>
      <if test="period != null">
        #{period,jdbcType=VARCHAR},
      </if>
      <if test="companyId != null">
        #{companyId,jdbcType=INTEGER},
      </if>
    </trim>
  </insert>
  <select id="countByExample" parameterType="cn.yujian95.telecomweb.pojo.ProductExample" resultType="java.lang.Long">
    select count(*) from product
    <if test="_parameter != null">
      <include refid="Example_Where_Clause" />
    </if>
  </select>
  <update id="updateByExampleSelective" parameterType="map">
    update product
    <set>
      <if test="record.id != null">
        id = #{record.id,jdbcType=INTEGER},
      </if>
      <if test="record.character_1 != null">
        character_1 = #{record.character_1,jdbcType=VARCHAR},
      </if>
      <if test="record.character_2 != null">
        character_2 = #{record.character_2,jdbcType=VARCHAR},
      </if>
      <if test="record.character_3 != null">
        character_3 = #{record.character_3,jdbcType=VARCHAR},
      </if>
      <if test="record.name != null">
        name = #{record.name,jdbcType=VARCHAR},
      </if>
      <if test="record.price != null">
        price = #{record.price,jdbcType=INTEGER},
      </if>
      <if test="record.period != null">
        period = #{record.period,jdbcType=VARCHAR},
      </if>
      <if test="record.companyId != null">
        companyId = #{record.companyId,jdbcType=INTEGER},
      </if>
    </set>
    <if test="_parameter != null">
      <include refid="Update_By_Example_Where_Clause" />
    </if>
  </update>
  <update id="updateByExample" parameterType="map">
    update product
    set id = #{record.id,jdbcType=INTEGER},
      character_1 = #{record.character_1,jdbcType=VARCHAR},
      character_2 = #{record.character_2,jdbcType=VARCHAR},
      character_3 = #{record.character_3,jdbcType=VARCHAR},
      name = #{record.name,jdbcType=VARCHAR},
      price = #{record.price,jdbcType=INTEGER},
      period = #{record.period,jdbcType=VARCHAR},
      companyId = #{record.companyId,jdbcType=INTEGER}
    <if test="_parameter != null">
      <include refid="Update_By_Example_Where_Clause" />
    </if>
  </update>
  <update id="updateByPrimaryKeySelective" parameterType="cn.yujian95.telecomweb.pojo.Product">
    update product
    <set>
      <if test="character_1 != null">
        character_1 = #{character_1,jdbcType=VARCHAR},
      </if>
      <if test="character_2 != null">
        character_2 = #{character_2,jdbcType=VARCHAR},
      </if>
      <if test="character_3 != null">
        character_3 = #{character_3,jdbcType=VARCHAR},
      </if>
      <if test="name != null">
        name = #{name,jdbcType=VARCHAR},
      </if>
      <if test="price != null">
        price = #{price,jdbcType=INTEGER},
      </if>
      <if test="period != null">
        period = #{period,jdbcType=VARCHAR},
      </if>
      <if test="companyId != null">
        companyId = #{companyId,jdbcType=INTEGER},
      </if>
    </set>
    where id = #{id,jdbcType=INTEGER}
  </update>
  <update id="updateByPrimaryKey" parameterType="cn.yujian95.telecomweb.pojo.Product">
    update product
    set character_1 = #{character_1,jdbcType=VARCHAR},
      character_2 = #{character_2,jdbcType=VARCHAR},
      character_3 = #{character_3,jdbcType=VARCHAR},
      name = #{name,jdbcType=VARCHAR},
      price = #{price,jdbcType=INTEGER},
      period = #{period,jdbcType=VARCHAR},
      companyId = #{companyId,jdbcType=INTEGER}
    where id = #{id,jdbcType=INTEGER}
  </update>
</mapper>