<?xml version="1.0" encoding="UTF-8"?>
<!DOCTYPE mapper PUBLIC "-//mybatis.org//DTD Mapper 3.0//EN" "http://mybatis.org/dtd/mybatis-3-mapper.dtd">
<mapper namespace="cn.yujian95.telecomweb.mapper.StoreMapper">
  <resultMap id="BaseResultMap" type="cn.yujian95.telecomweb.pojo.Store">
    <id column="id" jdbcType="INTEGER" property="id" />
    <result column="name" jdbcType="VARCHAR" property="name" />
    <result column="address" jdbcType="VARCHAR" property="address" />
    <result column="phone" jdbcType="INTEGER" property="phone" />
    <result column="region" jdbcType="VARCHAR" property="region" />
    <result column="shopId" jdbcType="INTEGER" property="shopId" />
    <result column="password" jdbcType="VARCHAR" property="password" />
    <result column="storeName" jdbcType="VARCHAR" property="storeName" />
  </resultMap>
  <sql id="Example_Where_Clause">
    <where>
      <foreach collection="oredCriteria" item="criteria" separator="or">
        <if test="criteria.valid">
          <trim prefix="(" prefixOverrides="and" suffix=")">
            <foreach collection="criteria.criteria" item="criterion">
              <choose>
                <when test="criterion.noValue">
                  and ${criterion.condition}
                </when>
                <when test="criterion.singleValue">
                  and ${criterion.condition} #{criterion.value}
                </when>
                <when test="criterion.betweenValue">
                  and ${criterion.condition} #{criterion.value} and #{criterion.secondValue}
                </when>
                <when test="criterion.listValue">
                  and ${criterion.condition}
                  <foreach close=")" collection="criterion.value" item="listItem" open="(" separator=",">
                    #{listItem}
                  </foreach>
                </when>
              </choose>
            </foreach>
          </trim>
        </if>
      </foreach>
    </where>
  </sql>
  <sql id="Update_By_Example_Where_Clause">
    <where>
      <foreach collection="example.oredCriteria" item="criteria" separator="or">
        <if test="criteria.valid">
          <trim prefix="(" prefixOverrides="and" suffix=")">
            <foreach collection="criteria.criteria" item="criterion">
              <choose>
                <when test="criterion.noValue">
                  and ${criterion.condition}
                </when>
                <when test="criterion.singleValue">
                  and ${criterion.condition} #{criterion.value}
                </when>
                <when test="criterion.betweenValue">
                  and ${criterion.condition} #{criterion.value} and #{criterion.secondValue}
                </when>
                <when test="criterion.listValue">
                  and ${criterion.condition}
                  <foreach close=")" collection="criterion.value" item="listItem" open="(" separator=",">
                    #{listItem}
                  </foreach>
                </when>
              </choose>
            </foreach>
          </trim>
        </if>
      </foreach>
    </where>
  </sql>
  <sql id="Base_Column_List">
    id, name, address, phone, region, shopId, password, storeName
  </sql>
  <select id="selectByExample" parameterType="cn.yujian95.telecomweb.pojo.StoreExample" resultMap="BaseResultMap">
    select
    <if test="distinct">
      distinct
    </if>
    'true' as QUERYID,
    <include refid="Base_Column_List" />
    from store
    <if test="_parameter != null">
      <include refid="Example_Where_Clause" />
    </if>
    <if test="orderByClause != null">
      order by ${orderByClause}
    </if>
  </select>
  <select id="selectByPrimaryKey" parameterType="java.lang.Integer" resultMap="BaseResultMap">
    select 
    <include refid="Base_Column_List" />
    from store
    where id = #{id,jdbcType=INTEGER}
  </select>
  <delete id="deleteByPrimaryKey" parameterType="java.lang.Integer">
    delete from store
    where id = #{id,jdbcType=INTEGER}
  </delete>
  <delete id="deleteByExample" parameterType="cn.yujian95.telecomweb.pojo.StoreExample">
    delete from store
    <if test="_parameter != null">
      <include refid="Example_Where_Clause" />
    </if>
  </delete>
  <insert id="insert" parameterType="cn.yujian95.telecomweb.pojo.Store">
    insert into store (id, name, address, 
      phone, region, shopId, 
      password, storeName)
    values (#{id,jdbcType=INTEGER}, #{name,jdbcType=VARCHAR}, #{address,jdbcType=VARCHAR}, 
      #{phone,jdbcType=INTEGER}, #{region,jdbcType=VARCHAR}, #{shopId,jdbcType=INTEGER}, 
      #{password,jdbcType=VARCHAR}, #{storeName,jdbcType=VARCHAR})
  </insert>
  <insert id="insertSelective" parameterType="cn.yujian95.telecomweb.pojo.Store">
    insert into store
    <trim prefix="(" suffix=")" suffixOverrides=",">
      <if test="id != null">
        id,
      </if>
      <if test="name != null">
        name,
      </if>
      <if test="address != null">
        address,
      </if>
      <if test="phone != null">
        phone,
      </if>
      <if test="region != null">
        region,
      </if>
      <if test="shopId != null">
        shopId,
      </if>
      <if test="password != null">
        password,
      </if>
      <if test="storeName != null">
        storeName,
      </if>
    </trim>
    <trim prefix="values (" suffix=")" suffixOverrides=",">
      <if test="id != null">
        #{id,jdbcType=INTEGER},
      </if>
      <if test="name != null">
        #{name,jdbcType=VARCHAR},
      </if>
      <if test="address != null">
        #{address,jdbcType=VARCHAR},
      </if>
      <if test="phone != null">
        #{phone,jdbcType=INTEGER},
      </if>
      <if test="region != null">
        #{region,jdbcType=VARCHAR},
      </if>
      <if test="shopId != null">
        #{shopId,jdbcType=INTEGER},
      </if>
      <if test="password != null">
        #{password,jdbcType=VARCHAR},
      </if>
      <if test="storeName != null">
        #{storeName,jdbcType=VARCHAR},
      </if>
    </trim>
  </insert>
  <select id="countByExample" parameterType="cn.yujian95.telecomweb.pojo.StoreExample" resultType="java.lang.Long">
    select count(*) from store
    <if test="_parameter != null">
      <include refid="Example_Where_Clause" />
    </if>
  </select>
  <update id="updateByExampleSelective" parameterType="map">
    update store
    <set>
      <if test="record.id != null">
        id = #{record.id,jdbcType=INTEGER},
      </if>
      <if test="record.name != null">
        name = #{record.name,jdbcType=VARCHAR},
      </if>
      <if test="record.address != null">
        address = #{record.address,jdbcType=VARCHAR},
      </if>
      <if test="record.phone != null">
        phone = #{record.phone,jdbcType=INTEGER},
      </if>
      <if test="record.region != null">
        region = #{record.region,jdbcType=VARCHAR},
      </if>
      <if test="record.shopId != null">
        shopId = #{record.shopId,jdbcType=INTEGER},
      </if>
      <if test="record.password != null">
        password = #{record.password,jdbcType=VARCHAR},
      </if>
      <if test="record.storeName != null">
        storeName = #{record.storeName,jdbcType=VARCHAR},
      </if>
    </set>
    <if test="_parameter != null">
      <include refid="Update_By_Example_Where_Clause" />
    </if>
  </update>
  <update id="updateByExample" parameterType="map">
    update store
    set id = #{record.id,jdbcType=INTEGER},
      name = #{record.name,jdbcType=VARCHAR},
      address = #{record.address,jdbcType=VARCHAR},
      phone = #{record.phone,jdbcType=INTEGER},
      region = #{record.region,jdbcType=VARCHAR},
      shopId = #{record.shopId,jdbcType=INTEGER},
      password = #{record.password,jdbcType=VARCHAR},
      storeName = #{record.storeName,jdbcType=VARCHAR}
    <if test="_parameter != null">
      <include refid="Update_By_Example_Where_Clause" />
    </if>
  </update>
  <update id="updateByPrimaryKeySelective" parameterType="cn.yujian95.telecomweb.pojo.Store">
    update store
    <set>
      <if test="name != null">
        name = #{name,jdbcType=VARCHAR},
      </if>
      <if test="address != null">
        address = #{address,jdbcType=VARCHAR},
      </if>
      <if test="phone != null">
        phone = #{phone,jdbcType=INTEGER},
      </if>
      <if test="region != null">
        region = #{region,jdbcType=VARCHAR},
      </if>
      <if test="shopId != null">
        shopId = #{shopId,jdbcType=INTEGER},
      </if>
      <if test="password != null">
        password = #{password,jdbcType=VARCHAR},
      </if>
      <if test="storeName != null">
        storeName = #{storeName,jdbcType=VARCHAR},
      </if>
    </set>
    where id = #{id,jdbcType=INTEGER}
  </update>
  <update id="updateByPrimaryKey" parameterType="cn.yujian95.telecomweb.pojo.Store">
    update store
    set name = #{name,jdbcType=VARCHAR},
      address = #{address,jdbcType=VARCHAR},
      phone = #{phone,jdbcType=INTEGER},
      region = #{region,jdbcType=VARCHAR},
      shopId = #{shopId,jdbcType=INTEGER},
      password = #{password,jdbcType=VARCHAR},
      storeName = #{storeName,jdbcType=VARCHAR}
    where id = #{id,jdbcType=INTEGER}
  </update>
</mapper>