<?xml version="1.0" encoding="UTF-8"?>
<!DOCTYPE generatorConfiguration
        PUBLIC "-//mybatis.org//DTD MyBatis Generator Configuration 1.0//EN"
        "http://mybatis.org/dtd/mybatis-generator-config_1_0.dtd">

<generatorConfiguration>
    <!--数据库驱动jar -->
    <classPathEntry
            location="C:\Users\max\.m2\repository\mysql\mysql-connector-java\5.1.47\mysql-connector-java-5.1.47.jar"/>

    <context id="Tables" targetRuntime="MyBatis3">
        <!--去除注释 -->
        <commentGenerator>
            <property name="suppressAllComments" value="true"/>
        </commentGenerator>

        <!--数据库连接 -->
        <jdbcConnection driverClass="com.mysql.jdbc.Driver"
                        connectionURL="jdbc:mysql://192.168.30.145:3306/telecom"
                        userId="root"
                        password="lyage1995">
        </jdbcConnection>
        <!--默认false Java type resolver will always use java.math.BigDecimal if
              the database column is of type DECIMAL or NUMERIC. -->
        <javaTypeResolver>
            <property name="forceBigDecimals" value="false"/>
        </javaTypeResolver>

        <!--生成实体类 指定包名 以及生成的地址 （可以自定义地址，但是路径不存在不会自动创建） -->
        <javaModelGenerator targetPackage="cn.yujian95.telecomweb.pojo"
                            targetProject="E:\javaProgram\telecomweb\src\main\java">
            <property name="enableSubPackages" value="true"/>
            <property name="trimStrings" value="true"/>
        </javaModelGenerator>

        <!--生成SQLMAP文件 -->
        <sqlMapGenerator targetPackage="cn.yujian95.telecomweb.mapper"
                         targetProject="E:\javaProgram\telecomweb\src\main\resources">
            <property name="enableSubPackages" value="false"/>
        </sqlMapGenerator>

        <!--生成Dao文件 可以配置 type="XMLMAPPER"生成xml的dao实现 context id="DB2Tables" 修改targetRuntime="MyBatis3" -->
        <javaClientGenerator type="XMLMAPPER"
                             targetPackage="cn.yujian95.telecomweb.mapper"
                             targetProject="E:\javaProgram\telecomweb\src\main\java">
            <property name="enableSubPackages" value="false"/>
        </javaClientGenerator>

        <!--对应数据库表 mysql可以加入主键自增 字段命名 忽略某字段等 -->
        <table tableName="admin" domainObjectName="Admin" enableCountByExample="true" enableUpdateByExample="true"
               enableDeleteByExample="true" enableSelectByExample="true"
               selectByExampleQueryId="true">
            <property name="useActualColumnNames" value="true"/>
        </table>
        <table tableName="user" domainObjectName="User" enableCountByExample="true" enableUpdateByExample="true"
               enableDeleteByExample="true" enableSelectByExample="true"
               selectByExampleQueryId="true">
            <property name="useActualColumnNames" value="true"/>
        </table>
        <table tableName="company" domainObjectName="Company" enableCountByExample="true" enableUpdateByExample="true"
               enableDeleteByExample="true" enableSelectByExample="true"
               selectByExampleQueryId="true">
            <property name="useActualColumnNames" value="true"/>
        </table>
        <table tableName="product" domainObjectName="Product" enableCountByExample="true" enableUpdateByExample="true"
               enableDeleteByExample="true" enableSelectByExample="true"
               selectByExampleQueryId="true">
            <property name="useActualColumnNames" value="true"/>
        </table>
        <table tableName="shop" domainObjectName="Shop" enableCountByExample="true" enableUpdateByExample="true"
               enableDeleteByExample="true" enableSelectByExample="true"
               selectByExampleQueryId="true">
            <property name="useActualColumnNames" value="true"/>
        </table>
        <table tableName="store" domainObjectName="Store" enableCountByExample="true" enableUpdateByExample="true"
               enableDeleteByExample="true" enableSelectByExample="true"
               selectByExampleQueryId="true">
            <property name="useActualColumnNames" value="true"/>
        </table>
        <table tableName="subscribe" domainObjectName="Subscribe" enableCountByExample="true" enableUpdateByExample="true"
               enableDeleteByExample="true" enableSelectByExample="true"
               selectByExampleQueryId="true">
            <property name="useActualColumnNames" value="true"/>
        </table>
    </context>
</generatorConfiguration>




